claim_amount,customer_avg_claim,customer_history,submission_channel,document_type,is_fraud
36660,34399,5,online,scan,1
47128,23741,4,online,pdf,0
17412,48994,10,online,photo,1
24745,19132,7,agent,scan,0
10866,19506,2,online,scan,1
43318,6705,6,agent,scan,0
10830,21656,3,online,photo,0
30683,29437,5,agent,scan,0
33161,15549,1,agent,scan,1
17207,31044,4,online,pdf,0
20960,18360,6,online,scan,0
32546,21110,4,agent,scan,0
32119,5640,9,agent,pdf,1
33554,18325,9,online,scan,1
22618,15433,5,agent,pdf,0
24786,33475,1,online,pdf,0
46919,28605,10,agent,pdf,0
35641,21295,8,agent,pdf,0
33350,29520,10,online,pdf,0
47279,28305,3,agent,pdf,1
26438,5789,7,online,scan,1
44867,20835,6,online,photo,1
42689,8522,5,online,photo,0
4405,23222,1,online,pdf,0
10112,45565,4,agent,photo,1
3777,25731,5,online,scan,1
25455,27750,4,agent,scan,0
13395,13768,5,agent,scan,0
10587,16798,1,agent,scan,0
30055,16641,9,agent,photo,1
20244,3226,3,agent,pdf,1
22789,45360,2,online,photo,1
30234,4321,10,online,pdf,0
313,6074,8,agent,pdf,0
955,14034,10,agent,scan,1
15250,37341,2,agent,pdf,0
2946,20868,9,agent,pdf,0
36533,2225,8,online,pdf,1
49258,23064,4,online,photo,0
932,24723,7,online,pdf,1
23024,24130,9,online,photo,1
8537,22565,5,agent,photo,1
21785,14942,7,online,scan,1
40127,29098,9,online,pdf,0
26785,8132,2,online,scan,1
9763,6646,5,agent,photo,1
14120,19802,4,agent,scan,0
18778,48984,5,agent,scan,1
43751,36865,9,agent,scan,1
16170,42966,9,agent,photo,1
24453,29776,8,online,pdf,0
36797,32315,7,agent,scan,1
6665,7644,9,agent,scan,0
49858,41619,3,agent,scan,0
19880,44402,2,online,photo,1
2636,46485,8,agent,pdf,1
19059,4482,5,online,pdf,0
48132,41597,9,agent,scan,0
5869,32335,10,agent,pdf,0
5385,38518,9,online,photo,1
6824,35984,3,online,photo,0
20922,15761,5,online,photo,0
7411,9758,3,online,pdf,1
19453,20406,1,online,photo,0
1636,20646,1,online,scan,0
29619,11676,5,online,pdf,1
4022,7607,2,online,photo,1
26669,37345,3,online,pdf,0
42759,13486,10,online,photo,1
43873,8954,10,online,photo,1
3964,22025,5,agent,pdf,1
44973,14490,2,online,scan,0
45045,17587,7,agent,photo,1
49244,22975,4,online,photo,0
28096,27689,5,online,scan,0
37534,2105,3,agent,pdf,0
12587,22521,6,online,pdf,0
45703,43472,9,online,pdf,0
29858,36559,6,agent,photo,1
42280,11461,3,agent,pdf,1
25693,10123,9,online,scan,1
41040,48151,8,agent,pdf,1
9116,31817,6,agent,pdf,1
22146,22611,6,agent,pdf,0
14129,7013,6,online,photo,0
9373,14706,8,online,scan,0
17916,8742,1,online,photo,1
25702,5027,5,agent,photo,1
28376,44927,9,agent,pdf,1
41389,12972,9,agent,pdf,0
24446,45181,9,online,pdf,0
17389,38959,2,agent,scan,1
32481,554,1,agent,pdf,1
29131,46656,9,agent,pdf,1
16430,34566,3,agent,scan,1
35463,22025,10,agent,pdf,0
2076,13674,7,online,photo,0
18261,37575,6,agent,photo,0
45080,25424,2,online,scan,0
30925,33880,5,online,photo,0
1226,12300,1,agent,pdf,1
46491,29524,8,agent,photo,0
4966,2247,5,agent,photo,0
42466,21711,2,online,pdf,1
39420,28736,7,online,pdf,0
3780,7122,3,online,scan,0
2075,19491,10,agent,scan,1
39895,21113,8,agent,photo,0
39916,38850,10,online,photo,1
49817,22440,10,agent,photo,1
48912,37417,6,agent,pdf,1
27635,10579,9,online,photo,1
3283,43091,10,agent,pdf,0
23929,46342,1,agent,photo,0
3351,12015,8,online,photo,1
40583,23944,8,agent,photo,1
48024,42452,5,agent,pdf,1
43272,35763,2,online,scan,1
48903,30800,1,online,scan,0
3991,20317,5,online,scan,0
34104,48981,9,online,pdf,1
18560,37999,5,online,photo,0
43155,22822,3,agent,scan,0
32404,15280,10,online,scan,0
10047,19460,7,agent,pdf,0
12226,13887,3,online,scan,1
36858,43623,5,agent,photo,0
18585,9526,2,online,scan,1
1847,37524,7,agent,photo,0
902,25111,1,agent,photo,0
14415,49798,10,online,photo,0
619,12496,4,agent,pdf,0
18728,47763,9,agent,photo,1
28883,34063,1,agent,photo,0
21432,21675,6,online,scan,1
23850,28704,10,agent,pdf,0
30720,28020,8,online,scan,1
5295,33289,5,agent,scan,1
28960,1116,7,online,scan,0
45997,12929,10,online,pdf,0
21095,25950,6,online,photo,1
20874,31817,9,online,photo,1
34464,30002,1,agent,scan,0
14610,37238,2,agent,photo,1
12552,23002,5,online,scan,1
38466,27478,6,online,photo,0
21933,27071,9,online,photo,1
8368,45908,9,agent,photo,1
46223,29501,7,online,pdf,0
33717,27109,6,online,photo,0
22828,36936,1,online,photo,0
39553,42518,10,agent,pdf,1
16606,19472,7,agent,photo,0
11349,21946,4,online,photo,1
38266,17519,3,agent,photo,0
6559,39833,5,agent,scan,0
3149,29063,9,agent,photo,1
45380,16897,8,online,scan,1
24730,5814,9,agent,scan,1
43766,49861,10,online,scan,1
34233,14142,7,agent,photo,0
39580,28766,5,online,photo,0
4147,11132,4,online,scan,0
12637,8430,3,agent,scan,1
614,26678,10,online,pdf,1
47025,16369,3,agent,photo,0
28365,40505,9,online,scan,1
8014,33534,5,agent,photo,0
29139,41945,6,online,scan,0
36969,9497,9,agent,scan,0
27346,43928,4,online,scan,0
16510,12604,8,agent,photo,1
9993,1360,5,online,pdf,1
5869,337,1,agent,pdf,1
18894,39792,4,agent,scan,0
46972,5809,8,agent,pdf,1
46808,28767,8,online,photo,0
8673,6635,3,online,scan,1
37510,42707,8,online,photo,1
15263,12987,6,online,photo,1
29302,8140,1,online,scan,0
42049,34075,6,online,scan,1
20550,37680,8,online,photo,0
27314,37344,3,agent,pdf,1
8866,11974,6,agent,photo,1
24216,10933,10,agent,scan,0
5104,45162,1,online,photo,0
5099,23746,10,online,photo,0
6234,46112,8,agent,pdf,1
7522,47961,2,online,photo,1
41380,49676,9,online,scan,0
44507,19788,6,agent,scan,0
2330,25697,9,agent,photo,1
9034,47702,10,agent,photo,1
22844,19157,10,agent,scan,1
7908,8045,1,agent,scan,1
43140,10284,10,online,scan,0
19006,3248,1,online,scan,1
33127,42239,3,agent,pdf,1
37175,47475,2,agent,pdf,1
11054,8495,8,agent,scan,0
34621,36563,7,online,scan,1
28933,31597,10,online,photo,1
37691,26218,7,agent,pdf,0
20985,135,7,agent,photo,1
34597,37837,6,agent,pdf,0
13918,19162,4,online,photo,1
22145,48888,5,agent,photo,0
22206,13820,4,agent,pdf,0
35432,17499,10,online,pdf,0
5977,24662,3,agent,scan,0
32338,23591,5,online,photo,1
41180,48841,7,online,scan,1
2512,40865,1,online,pdf,0
18681,34796,6,agent,photo,0
44882,48221,6,agent,photo,0
3266,27072,1,agent,scan,1
19697,18254,3,agent,photo,0
16313,10833,10,online,scan,0
33579,39603,10,agent,pdf,0
25415,6772,10,agent,scan,1
35099,24227,9,online,pdf,0
47744,23140,3,online,photo,1
46757,40305,7,online,photo,1
18510,11229,8,agent,scan,1
35599,26814,9,online,pdf,0
16347,36052,3,agent,scan,0
39204,45938,5,online,pdf,0
41313,48457,7,agent,scan,0
2299,1141,2,online,pdf,0
28498,45130,6,agent,pdf,0
4710,36294,9,agent,pdf,1
25738,11148,5,online,pdf,1
16077,10675,2,agent,pdf,0
39299,35871,6,agent,scan,1
44633,10948,7,online,scan,0
37038,35660,6,online,pdf,1
46470,46567,2,online,scan,0
11989,36752,6,agent,photo,1
18212,1457,10,online,photo,1
33411,33310,1,online,photo,0
26424,37745,5,online,photo,1
4699,8703,4,online,scan,1
29994,33131,6,agent,scan,0
36345,1358,7,agent,pdf,1
47507,15647,1,agent,scan,0
43674,3642,10,online,pdf,0
20908,11912,8,online,pdf,1
25912,7297,2,online,photo,1
31138,49106,10,online,pdf,1
8787,36546,7,online,pdf,0
36861,26087,5,online,pdf,1
41022,45250,10,online,scan,1
28643,7485,8,online,photo,1
28469,44478,2,online,scan,1
11472,24487,6,online,pdf,0
39631,49087,8,online,scan,0
24988,13443,6,agent,pdf,1
197,11827,9,online,scan,0
29615,15613,4,agent,scan,0
23132,16261,3,agent,photo,1
17626,30209,2,agent,photo,1
38852,41505,7,online,photo,1
37497,34559,3,online,pdf,0
28363,43348,5,agent,scan,0
26850,7148,3,agent,photo,0
12325,21469,10,online,scan,1
47563,37944,6,agent,scan,0
49508,34607,9,online,scan,1
8405,47283,1,online,photo,0
37107,47550,5,online,scan,0
39840,31680,2,online,scan,1
25077,49705,1,online,photo,1
23294,16879,2,online,photo,0
43112,28368,1,online,scan,0
12840,14896,5,online,scan,1
27243,43902,10,agent,photo,0
12710,23952,10,online,pdf,0
6479,4720,4,online,pdf,0
2438,33453,1,online,photo,1
39519,31585,9,agent,scan,1
2959,35231,10,online,photo,0
46208,39424,2,agent,scan,1
31477,11371,4,agent,photo,0
25263,24422,7,agent,pdf,1
40646,39569,10,agent,pdf,0
49204,34552,1,online,scan,0
48208,15945,7,online,pdf,0
10648,18767,5,agent,photo,1
13666,6041,2,online,scan,1
24460,23125,2,online,pdf,1
17468,40945,8,online,photo,0
6197,17422,7,agent,scan,0
6439,6053,3,online,photo,0
30445,34809,9,agent,photo,1
13233,21829,4,online,pdf,0
11323,23977,5,agent,photo,0
42904,22193,10,online,pdf,1
6180,26945,3,online,photo,0
38697,46986,10,agent,scan,0
20142,17870,4,agent,pdf,0
34714,9240,3,agent,pdf,1
26491,21258,5,online,pdf,0
39674,39264,5,agent,pdf,1
29660,2211,6,agent,pdf,1
38198,16424,5,online,photo,1
46237,10159,10,online,scan,0
17578,8834,2,agent,photo,1
41771,32296,7,agent,pdf,1
35572,18186,5,agent,photo,0
10608,47463,2,agent,photo,0
34692,22662,3,agent,photo,1
22288,15022,5,online,scan,1
1240,4831,10,agent,pdf,0
32760,11962,6,online,scan,0
44504,38527,3,agent,photo,1
3080,8423,7,agent,photo,1
24783,9103,7,agent,pdf,1
30180,39312,8,online,pdf,1
23671,1542,4,online,scan,1
39080,3072,1,online,photo,0
12972,16188,1,online,pdf,1
7622,32909,1,online,scan,1
21108,31394,4,agent,photo,0
34705,35774,5,agent,pdf,0
362,11019,2,agent,scan,0
33498,2267,3,agent,scan,0
8693,26625,7,online,photo,0
23400,640,6,agent,pdf,0
34237,27340,9,online,pdf,0
30446,15695,8,agent,photo,1
35359,27807,7,online,scan,1
27274,20145,5,online,pdf,1
4828,15997,2,online,pdf,0
34584,40524,2,agent,photo,0
2085,13464,7,agent,scan,1
8292,39774,4,agent,scan,1
4508,32994,1,online,pdf,0
48822,5470,9,online,pdf,0
36334,46135,2,agent,scan,0
32540,42736,2,agent,photo,0
8243,45245,7,online,photo,0
12359,38833,1,online,photo,1
20267,16445,3,agent,photo,1
33622,41854,7,agent,pdf,1
36820,21685,6,online,scan,0
43583,12679,3,online,scan,1
21190,23741,3,agent,photo,0
10708,16594,2,online,pdf,0
46727,46495,1,online,pdf,0
9350,46749,5,agent,pdf,0
4443,46282,4,agent,photo,0
34789,10868,5,agent,pdf,1
37034,31034,6,online,photo,1
34950,12129,7,agent,scan,0
35992,18360,6,agent,scan,1
21578,17383,6,online,photo,1
45917,16454,9,online,pdf,0
40842,29921,2,online,pdf,0
32173,43662,8,online,pdf,0
10206,23577,6,online,photo,1
44220,38799,3,online,photo,1
11265,46663,5,agent,scan,0
30352,12173,10,online,pdf,0
18956,27656,7,agent,scan,1
2466,37685,8,online,pdf,1
870,9852,1,online,photo,1
24681,30159,8,online,scan,1
1639,44676,8,online,scan,1
40951,34441,10,online,scan,1
46150,14212,4,online,photo,0
19907,21996,9,agent,photo,1
43316,7564,7,online,pdf,0
13503,10760,9,agent,photo,1
28497,26487,7,agent,photo,1
20250,42280,10,online,scan,0
38207,28136,8,online,pdf,1
14003,39186,7,agent,photo,0
22574,26954,8,online,scan,0
25208,2509,2,agent,photo,0
37163,1882,6,online,photo,1
28657,37056,4,agent,pdf,0
22197,10533,2,online,scan,1
41141,477,6,online,photo,0
43971,20335,7,agent,pdf,0
32813,34766,5,agent,pdf,0
41977,26257,6,online,photo,1
10868,10234,2,online,photo,0
36896,7862,9,online,photo,0
39656,28882,6,agent,pdf,1
47899,41155,1,agent,pdf,0
16803,12987,8,agent,photo,0
34414,31993,5,online,photo,1
24256,7642,9,agent,photo,1
30489,18747,2,online,scan,1
36178,13498,10,agent,scan,0
41737,34579,7,agent,pdf,0
25058,42259,1,online,photo,0
16681,41674,2,online,scan,1
18471,12221,3,online,scan,1
26071,11965,1,agent,scan,1
12588,27468,7,agent,pdf,1
1751,34862,1,online,pdf,1
49303,40774,3,agent,scan,1
19017,35151,1,online,scan,0
31017,37916,3,agent,pdf,1
37382,33285,8,agent,scan,0
15561,14480,2,agent,pdf,0
10137,33112,6,online,pdf,0
36300,42231,1,online,photo,0
8196,42877,9,online,photo,0
4186,8878,1,agent,scan,1
11486,39517,3,agent,pdf,0
28145,14450,2,online,pdf,1
45629,4667,6,online,pdf,1
37028,8390,2,online,scan,0
15513,9164,4,online,pdf,1
28807,12961,2,agent,pdf,1
11072,49717,10,online,photo,1
21337,23510,6,agent,pdf,0
2163,31423,8,agent,scan,1
4384,43048,7,online,photo,1
7655,48396,2,agent,pdf,0
25399,11323,7,agent,pdf,1
49004,30676,5,agent,photo,1
23968,16116,2,online,photo,1
12574,26649,3,online,scan,1
2777,29303,10,agent,pdf,1
36741,20821,8,online,photo,1
37737,35687,6,agent,scan,1
32416,11854,7,online,photo,0
47638,1735,6,online,pdf,1
14363,42072,1,online,scan,1
18781,4185,5,online,scan,0
15618,35119,4,online,photo,0
30224,7351,9,online,pdf,0
43551,37343,2,online,pdf,0
47104,23369,5,online,scan,1
9976,41950,3,online,pdf,1
17234,909,3,online,photo,1
7586,30848,9,agent,photo,0
16061,18962,1,online,photo,1
28177,30817,5,online,pdf,0
26742,28567,8,online,photo,1
43095,13217,2,agent,pdf,0
34230,1309,10,agent,pdf,0
14763,35584,3,online,photo,1
12333,13769,4,online,scan,0
38698,35783,2,online,scan,1
36409,25847,6,agent,scan,0
40788,19187,8,online,scan,1
15333,34525,2,agent,scan,1
34691,25127,7,agent,pdf,0
23863,9037,8,agent,scan,0
19245,47917,10,online,scan,0
25549,24579,7,agent,photo,1
4432,36905,1,online,scan,0
31087,959,6,agent,pdf,0
33066,29004,2,online,scan,0
45757,40217,7,agent,scan,1
8733,49897,1,agent,scan,0
30668,48129,3,agent,photo,1
15673,20404,8,agent,pdf,0
48749,2828,5,online,photo,0
28820,22741,1,agent,photo,1
22591,25735,4,agent,photo,1
38214,16892,10,online,scan,1
49046,26919,3,online,pdf,1
7565,8929,2,online,pdf,1
16944,10427,10,online,scan,1
2819,9504,4,agent,pdf,0
8971,33517,4,agent,scan,0
24451,41312,3,agent,photo,0
11493,3748,7,agent,pdf,1
35079,3175,5,agent,scan,0
44370,7075,1,agent,pdf,0
4456,43277,4,online,photo,0
21619,7659,8,online,photo,1
12832,5427,8,agent,photo,0
20105,24714,2,online,scan,1
26351,37097,10,online,pdf,0
47851,13814,8,online,photo,1
5744,22761,9,online,pdf,1
25926,3849,4,agent,pdf,1
34118,48717,10,online,scan,0
2479,9902,2,online,scan,0
37127,40248,7,agent,scan,0
45729,6027,1,online,pdf,0
46762,47562,1,agent,photo,0
27033,28737,9,agent,photo,0
35954,6240,1,agent,photo,0
29517,14033,3,agent,pdf,1
687,23789,2,online,photo,1
4172,130,3,agent,photo,0
37680,3401,1,online,photo,1
20980,42023,7,agent,scan,1
14733,9824,5,agent,photo,0
46466,5065,2,agent,scan,1
9283,7977,5,agent,scan,0
48867,26274,1,agent,photo,0
265,18293,10,agent,pdf,1
24839,46170,8,agent,scan,1
33742,41802,2,agent,photo,1
20950,16261,6,agent,pdf,0
34549,43415,2,online,scan,0
26241,38053,1,agent,scan,0
32534,45670,4,agent,photo,1
11554,24450,10,online,photo,0
49047,1671,8,agent,scan,0
21980,6842,4,agent,scan,0
7792,30850,3,online,photo,0
37977,8086,5,online,photo,0
9364,36911,5,online,scan,0
38956,30161,4,agent,pdf,1
13084,19708,7,agent,photo,1
5612,37815,10,online,photo,0
15416,30152,6,online,pdf,1
23115,22646,9,agent,pdf,1
31637,36084,4,online,pdf,1
47015,13926,7,online,pdf,0
48928,39437,5,agent,pdf,0
23677,38814,6,agent,scan,1
47937,26590,2,online,pdf,0
49130,21126,7,online,scan,1
19904,19066,7,online,pdf,0
26759,22592,10,agent,scan,1
39462,40826,8,agent,photo,0
21497,35891,2,online,pdf,1
40513,31176,3,agent,pdf,0
43609,28564,9,agent,scan,0
12919,15128,10,agent,pdf,1
22380,49384,1,agent,pdf,1
11409,11043,8,online,photo,0
46773,20015,2,agent,pdf,0
33011,3661,8,agent,pdf,0
9841,49897,2,online,photo,0
5888,37769,2,agent,pdf,0
14864,32349,6,online,photo,1
22252,40656,7,agent,pdf,0
46240,37905,8,agent,scan,1
23508,44195,7,online,pdf,1
16863,39889,2,agent,pdf,0
17351,41042,4,agent,pdf,0
7530,13863,9,agent,photo,0
43882,11575,10,online,photo,1
19983,2265,2,agent,scan,1
11136,21834,6,online,scan,1
22672,42054,4,online,photo,1
32996,41692,3,agent,pdf,0
26652,18636,5,agent,photo,0
15769,46677,8,agent,scan,0
42401,18200,9,agent,scan,0
25829,10457,4,online,photo,0
3424,35052,5,agent,photo,1
43521,29468,9,online,scan,0
7719,958,9,online,photo,0
44251,11343,8,online,pdf,1
43481,3471,6,agent,pdf,0
42440,37973,6,online,scan,1
44212,25956,10,agent,scan,1
47830,32439,2,agent,scan,1
24119,40603,7,online,photo,1
11477,14384,4,online,pdf,0
45390,45398,2,agent,scan,1
31168,25927,2,online,pdf,0
27672,45746,4,agent,scan,1
20614,11769,10,agent,pdf,0
8850,46853,3,agent,scan,0
47799,35800,6,agent,pdf,1
18645,26469,8,agent,pdf,1
13111,44645,4,agent,photo,1
36037,13509,3,agent,scan,0
49099,34241,5,online,scan,0
2258,13714,1,online,pdf,1
43123,6233,8,online,scan,0
17611,19551,10,agent,photo,1
11972,28398,10,agent,pdf,1
44073,28647,1,agent,scan,1
4819,35490,6,online,pdf,0
9451,35145,5,agent,scan,1
34489,39916,2,agent,scan,0
23324,1320,1,online,pdf,0
33682,39172,2,online,scan,0
45432,6283,3,agent,pdf,0
10391,38960,1,agent,pdf,1
21116,11930,4,agent,scan,1
4816,8932,9,agent,pdf,1
33984,40205,2,agent,pdf,1
19791,31197,3,agent,photo,0
5078,27371,10,agent,scan,1
36996,742,3,agent,scan,0
14274,42963,6,online,pdf,0
27616,21516,4,agent,scan,1
48450,22671,10,online,photo,1
15980,48886,7,agent,photo,0
40397,29620,8,agent,scan,1
45696,35516,8,agent,pdf,1
20061,11237,3,agent,pdf,1
23942,40824,3,online,pdf,0
12742,4821,10,agent,photo,1
19118,43021,10,online,pdf,1
26377,38381,7,agent,scan,0
11688,39898,1,online,photo,0
29513,36385,4,agent,pdf,0
40176,16132,4,agent,pdf,0
43998,5871,7,online,photo,1
22188,29024,7,online,pdf,1
9653,36176,4,agent,pdf,0
23683,14919,2,online,pdf,1
4681,19106,7,agent,pdf,1
44762,1002,7,agent,photo,1
33605,43515,6,online,photo,1
26733,45712,4,agent,scan,0
38346,43190,1,online,scan,1
45901,4473,1,online,scan,1
31606,24601,1,agent,photo,1
38051,11517,8,agent,scan,0
8297,1005,10,agent,pdf,0
13236,18204,1,agent,photo,0
46480,46805,6,online,scan,1
30650,16950,6,online,scan,0
27558,31106,1,online,photo,1
35126,7311,7,agent,scan,1
19835,44156,6,agent,pdf,0
9247,23529,10,online,photo,0
32620,25968,4,agent,photo,0
12742,24292,1,agent,pdf,1
9234,28856,6,agent,scan,0
20810,49787,7,agent,scan,1
38755,8619,2,online,photo,0
35181,40824,3,agent,scan,0
15684,6259,4,agent,photo,0
37958,37185,10,agent,pdf,0
24985,38373,9,online,photo,1
18710,4171,3,online,scan,0
45344,11130,5,online,scan,0
292,7997,6,online,scan,0
1171,4102,8,online,photo,0
38943,13658,3,agent,pdf,1
43854,32934,9,agent,photo,1
14331,45584,5,agent,photo,0
42092,42801,10,online,photo,1
24020,7550,3,online,pdf,0
38547,19359,5,agent,pdf,0
641,22744,6,agent,pdf,0
19570,42493,1,agent,photo,0
17452,39026,4,online,pdf,1
37769,46122,4,agent,photo,1
13644,6645,6,online,photo,1
17140,11933,7,online,scan,1
43266,31883,10,online,pdf,1
11010,45260,9,agent,pdf,0
1192,42324,6,agent,photo,0
47241,37147,5,agent,scan,1
47285,6983,8,online,photo,1
26901,13698,8,online,pdf,0
32902,5625,6,online,pdf,1
42684,43060,5,online,pdf,0
20910,17143,5,agent,pdf,1
13370,4648,1,agent,pdf,0
32972,35988,9,online,photo,1
18937,28779,3,agent,pdf,1
6452,9229,1,agent,pdf,1
22049,21909,4,agent,pdf,1
13355,11768,1,agent,pdf,1
5800,45387,4,online,scan,1
24968,43566,6,online,photo,0
49188,39904,2,online,scan,0
14433,28524,1,online,scan,1
23640,11066,3,online,scan,0
21124,29173,1,agent,pdf,0
20687,45208,7,agent,photo,0
41161,39348,7,agent,photo,0
36060,12735,4,online,photo,0
47467,37277,10,online,photo,0
36858,12758,7,online,photo,0
27972,36324,7,agent,pdf,1
46373,6852,1,agent,pdf,1
28841,41533,7,agent,photo,0
18640,15623,5,agent,scan,1
38716,34429,2,agent,pdf,0
33616,24621,2,agent,photo,0
11047,39710,8,agent,pdf,1
7491,49564,6,online,pdf,1
7076,11758,5,online,pdf,0
49165,9685,8,agent,pdf,0
6348,22158,9,online,photo,1
20658,27270,1,online,photo,1
7166,31491,5,online,pdf,0
13840,36019,6,online,photo,1
12879,12815,8,agent,photo,0
28864,25928,10,agent,scan,0
1314,28002,2,agent,photo,1
17121,7696,4,agent,photo,0
32897,27981,9,agent,scan,0
36918,32198,1,online,pdf,0
31224,34473,7,online,photo,1
45949,46468,2,agent,photo,0
49866,37257,10,agent,photo,0
2581,10393,8,online,scan,1
1204,20206,7,agent,scan,1
5234,42243,9,agent,pdf,0
13184,35551,3,agent,photo,1
18165,48607,5,online,scan,0
38075,38856,4,agent,pdf,0
39344,47366,8,online,pdf,0
29141,13727,7,online,pdf,0
20533,37323,6,agent,scan,0
2146,45087,6,agent,pdf,0
27068,517,1,agent,photo,0
948,24420,7,agent,pdf,0
36662,45849,3,agent,pdf,1
43594,3049,8,online,scan,0
754,45231,10,agent,scan,1
7612,44624,10,online,scan,0
27942,48455,4,online,photo,1
27946,20899,1,agent,pdf,1
23389,19019,5,online,photo,0
10369,29998,2,agent,photo,0
19809,22934,7,online,pdf,1
8833,33048,9,online,scan,0
40709,5126,2,agent,scan,0
4621,48315,3,agent,scan,0
46534,1313,1,agent,photo,1
27390,44221,7,agent,pdf,0
42392,36023,9,agent,pdf,1
25341,25470,10,agent,scan,1
19142,26460,2,agent,pdf,1
27929,22783,3,agent,pdf,0
40800,6984,10,agent,scan,0
33651,30230,10,online,scan,0
26417,29675,1,online,pdf,0
31323,48943,5,online,pdf,0
14395,23619,10,agent,photo,1
22020,33216,5,online,photo,0
27428,30345,3,agent,photo,0
42084,6443,6,online,pdf,1
20369,32595,1,online,scan,1
32302,31820,2,agent,scan,0
23594,42669,4,online,pdf,0
19565,30553,8,online,pdf,0
30592,24433,1,online,pdf,1
49247,38921,5,online,pdf,0
10880,22290,8,agent,pdf,0
18160,34567,10,agent,photo,0
20198,13124,8,agent,scan,0
29798,49649,1,agent,pdf,1
15020,46370,8,online,pdf,0
16569,15551,4,agent,scan,0
14776,36733,10,online,photo,0
3184,1843,5,online,scan,0
39246,1426,7,agent,pdf,0
17493,6337,2,agent,pdf,0
3847,23420,1,agent,scan,0
2966,7089,1,agent,pdf,0
27730,38664,10,agent,pdf,1
39181,31930,9,agent,photo,1
35719,12634,8,online,photo,1
34944,42629,9,online,photo,0
11078,35873,4,online,pdf,0
46627,19228,4,online,scan,0
17926,903,9,agent,pdf,0
5309,37709,8,online,photo,1
47460,28626,1,agent,photo,1
44932,7542,4,agent,photo,0
18723,3160,6,online,photo,1
34298,8325,9,online,pdf,0
39331,32496,1,agent,pdf,0
16307,31505,8,online,pdf,1
36616,41644,7,online,photo,0
25281,37392,7,online,photo,0
19042,36499,2,agent,pdf,1
2156,4500,4,agent,scan,1
43556,22173,2,online,scan,1
4395,10358,2,agent,scan,0
44145,12583,5,online,photo,1
32158,40991,5,agent,pdf,0
49550,49384,1,agent,scan,0
6876,12105,7,online,pdf,0
38000,11750,10,online,photo,0
17788,12602,6,online,photo,0
40357,47132,5,agent,photo,1
17302,26081,6,agent,scan,0
27458,6584,4,agent,pdf,1
11298,18161,9,online,pdf,0
47864,9184,5,online,photo,1
7443,25011,7,agent,pdf,1
43318,5602,5,agent,pdf,1
10189,5505,3,online,pdf,0
41334,5501,5,online,scan,1
47143,31300,10,agent,photo,1
39348,32862,3,online,pdf,0
27544,2945,6,online,pdf,0
37993,26540,9,agent,photo,1
48192,36476,9,online,photo,1
31469,44822,3,online,scan,1
23775,2521,2,online,pdf,0
15722,30621,6,agent,scan,0
27864,31098,8,agent,pdf,1
38349,22838,6,agent,pdf,0
35491,33555,10,online,photo,1
7226,47762,10,online,pdf,0
49076,1207,3,online,scan,0
24572,562,5,agent,pdf,0
22809,3666,8,online,photo,0
6892,24871,6,agent,pdf,0
39739,38314,7,online,photo,0
35111,20720,5,agent,photo,1
32193,41839,5,online,pdf,0
9093,44214,8,online,photo,0
5299,301,8,online,pdf,0
36230,15105,2,agent,photo,0
1287,9844,10,online,photo,0
45018,22374,3,agent,scan,0
10003,45469,1,agent,pdf,0
9778,7505,2,agent,scan,1
11559,15854,3,online,pdf,1
19031,8845,5,agent,pdf,1
42399,38609,3,online,photo,0
43253,3768,2,online,pdf,1
38449,29545,1,agent,pdf,0
31504,7518,9,agent,pdf,1
32467,47137,8,agent,pdf,1
15434,2310,4,agent,photo,1
9573,34617,7,agent,scan,1
24151,6995,5,online,photo,1
10488,35457,4,online,photo,1
40454,28266,2,agent,pdf,1
29452,14257,4,online,photo,1
40863,979,4,online,scan,0
33691,17817,8,online,scan,1
21517,21616,10,online,scan,1
6094,40368,9,online,photo,1
2624,7229,9,agent,photo,0
9333,3003,1,online,pdf,0
39387,24380,9,agent,photo,0
32656,31763,8,online,photo,0
34817,8621,4,online,pdf,1
32578,14140,5,agent,photo,0
24067,39374,6,agent,photo,0
7587,35369,6,online,pdf,0
34711,39484,7,online,photo,0
48601,37184,9,agent,photo,0
9656,32327,5,online,pdf,0
34917,10548,9,agent,photo,1
31110,34187,7,online,photo,0
24091,6920,5,agent,photo,1
47779,9108,10,agent,scan,1
5425,14548,1,agent,scan,1
17921,18236,9,agent,photo,0
19356,39308,9,agent,pdf,0
44546,41816,8,online,scan,1
37225,1835,4,online,scan,0
16239,45428,9,agent,photo,0
39618,35119,5,agent,pdf,1
24544,13601,7,online,photo,1
35599,8721,2,online,pdf,1
35841,31763,5,agent,photo,0
48508,21073,8,online,pdf,0
10921,39921,8,online,scan,0
41598,13155,2,agent,pdf,0
26420,39760,3,agent,scan,0
20791,38543,9,agent,scan,0
15347,20884,6,agent,photo,1
583,41880,10,agent,pdf,1
33673,8950,9,online,scan,0
33721,27353,4,online,pdf,0
36349,6179,2,online,scan,0
30419,2762,10,online,pdf,1
6780,41854,4,agent,pdf,0
6098,24959,8,agent,scan,0
6425,38214,2,online,pdf,1
39501,22939,1,agent,pdf,0
10625,45260,6,online,scan,1
35164,47336,8,agent,scan,1
12282,46881,6,online,scan,0
16833,13605,3,online,scan,0
37411,8075,9,online,pdf,1
36813,9085,9,agent,photo,1
31955,20311,5,agent,scan,1
31943,42456,7,online,scan,0
20413,27231,6,online,pdf,1
13763,16726,10,online,pdf,0
14141,2132,6,agent,pdf,1
38125,5358,2,online,photo,0
49989,41676,7,agent,pdf,1
35763,48428,3,agent,scan,1
47509,8591,10,agent,scan,1
13427,39462,1,online,photo,1
14797,44586,10,agent,scan,0
20638,40204,6,agent,scan,0
34566,26843,8,online,pdf,1
21041,9357,9,agent,pdf,0
39022,26101,10,online,pdf,0
48477,25960,4,online,scan,0
19390,27855,1,agent,pdf,0
7629,8574,10,online,scan,0
46826,30108,7,online,pdf,0
12961,43863,1,online,scan,1
15717,40179,5,agent,scan,1
327,28985,8,online,pdf,1
18491,2492,6,online,pdf,1
7290,36154,6,online,photo,1
11242,45953,2,agent,pdf,0
48000,18692,5,agent,photo,1
34653,34425,8,agent,scan,0
36614,38443,7,online,pdf,0
47629,35567,7,agent,photo,1
31345,34223,2,online,photo,1
20691,27749,5,agent,pdf,1
33548,1959,5,agent,photo,1
15563,16718,10,online,pdf,1
21740,22279,6,online,pdf,1
47051,22482,10,agent,pdf,0
46291,6005,2,online,scan,0
13034,39148,5,agent,pdf,1
49322,49409,3,online,pdf,0
39924,19529,1,online,pdf,1
19532,5916,6,agent,scan,0
1505,11458,10,agent,scan,1
36972,18508,2,online,pdf,1
571,3736,9,online,scan,0
2763,22740,4,agent,scan,0
46618,19452,1,agent,scan,0
31548,46600,5,online,pdf,0
47352,20223,3,online,pdf,1
4042,8607,1,online,scan,0
38606,30241,2,online,scan,0
28389,35447,3,agent,pdf,1
30278,28806,1,online,scan,1
42735,39675,3,agent,photo,0
23385,48001,5,online,photo,1
16338,5647,1,online,scan,1
47104,10576,5,online,scan,0
22610,22128,2,online,scan,0
42089,34866,6,agent,scan,0
35976,563,1,online,scan,0
47620,5887,10,online,scan,1
15062,18352,6,agent,pdf,0
642,40432,8,agent,photo,1
25840,48369,9,agent,pdf,0
30554,37924,10,online,pdf,1
23661,22152,8,agent,photo,0
5274,22529,5,online,scan,0
17683,21868,3,online,scan,1
32571,14542,10,online,pdf,1
9144,45760,4,agent,scan,1
6227,4559,6,agent,pdf,1
16849,26914,1,agent,scan,1
39632,4409,8,agent,pdf,1
49280,48517,10,online,scan,0
27802,34875,6,agent,photo,1
12111,42256,2,agent,pdf,1
9429,42330,1,agent,pdf,0
32190,20621,5,agent,scan,0
18002,47086,7,agent,scan,0
10791,5909,7,online,pdf,0
44446,16282,5,online,scan,1
37964,15568,7,agent,photo,1
41543,17912,3,agent,pdf,0
32879,7530,1,online,pdf,1
44161,22413,1,online,photo,1
42626,30106,10,online,pdf,1
20284,18837,9,online,photo,0
5835,37542,9,agent,photo,0
1208,17448,3,agent,pdf,0
33880,8807,1,online,photo,1
23823,6196,9,agent,photo,1
44375,4118,5,online,photo,1
29570,11554,5,online,scan,1
42466,10347,4,agent,pdf,1
31463,11144,1,agent,pdf,0
407,27333,4,online,photo,0
15360,1701,9,agent,scan,1
3872,7131,3,online,photo,0
3011,4194,9,agent,scan,0
4463,44554,9,agent,scan,1
11878,48360,2,agent,photo,0
22594,21028,4,agent,pdf,0
18811,27583,3,agent,scan,0
16431,32253,10,online,photo,0
48163,31296,6,online,photo,1
16364,40052,3,agent,photo,1
6117,37967,2,agent,photo,0
2457,11705,5,agent,photo,1
11702,31649,4,online,photo,1
3980,15054,6,agent,photo,1
21088,17140,3,agent,scan,0
46479,18343,9,agent,pdf,1
47961,38143,8,agent,photo,0
36185,9258,2,online,pdf,0
33153,18235,10,agent,pdf,1
20789,14224,10,online,photo,0
892,22954,2,online,photo,0
38144,25122,4,online,photo,1
39928,49966,9,online,pdf,0
34002,11171,8,agent,scan,0
28423,38324,10,agent,scan,0
38356,36080,4,agent,pdf,1
24016,29698,6,agent,photo,1
